id,first_name,last_name,email,gender,country
1,Llywellyn,Filliskirk,lfilliskirk0@kickstarter.com,Polygender,Philippines
2,Annecorinne,Ghidotti,aghidotti1@redcross.org,Bigender,China
3,Arni,Newbatt,anewbatt2@apache.org,Genderfluid,China
4,Martie,Merriott,mmerriott3@elpais.com,Male,Mongolia
5,Sonja,Hundley,shundley4@zimbio.com,Bigender,Israel
6,Lorie,Timbrell,ltimbrell5@rediff.com,Female,South Korea
7,Alissa,Ritchley,aritchley6@mail.ru,Polygender,Portugal
8,Fawne,Baus,fbaus7@twitpic.com,Bigender,Poland
9,Barr,Faraker,bfaraker8@ovh.net,Genderfluid,Yemen
10,Micky,Goaks,mgoaks9@wired.com,Female,China
11,Kim,McCrae,kmccraea@baidu.com,Genderqueer,Peru
12,Germaine,Mears,gmearsb@soup.io,Genderfluid,Vietnam
13,Christyna,Bemrose,cbemrosec@theglobeandmail.com,Agender,Sweden
14,Donia,Sheryn,dsherynd@symantec.com,Genderfluid,Philippines
15,Roman,Enrico,renricoe@mlb.com,Male,Peru
16,Alma,De Nisco,adeniscof@unicef.org,Male,Russia
17,Rozella,Normandale,rnormandaleg@hubpages.com,Male,Russia
18,Kaylyn,Dorran,kdorranh@un.org,Agender,Albania
19,Rikki,McHardy,rmchardyi@quantcast.com,Polygender,Peru
20,Cary,Clausewitz,cclausewitzj@cisco.com,Male,Iran
21,Neron,Kivell,nkivellk@is.gd,Polygender,Poland
22,Vidovik,Beed,vbeedl@cornell.edu,Female,Ukraine
23,Rodolphe,Cheel,rcheelm@github.io,Genderqueer,Vietnam
24,Hedi,Simkins,hsimkinsn@google.com,Non-binary,Iran
25,Moselle,Djurdjevic,mdjurdjevico@theglobeandmail.com,Polygender,Mozambique
26,Nana,Pomfret,npomfretp@furl.net,Genderfluid,France
27,Pier,Urian,purianq@homestead.com,Agender,Greece
28,Stella,Blackshaw,sblackshawr@boston.com,Polygender,Pakistan
29,Bengt,Castellone,bcastellones@cbc.ca,Female,China
30,Eddy,Coopland,ecooplandt@sciencedirect.com,Male,China
31,Saloma,Hubball,shubballu@macromedia.com,Male,Malaysia
32,Beatrice,Learmond,blearmondv@rakuten.co.jp,Bigender,Canada
33,Elvin,MacConnell,emacconnellw@elpais.com,Female,Bangladesh
34,Lesli,Gapper,lgapperx@nhs.uk,Agender,Brunei
35,Chicky,Ledamun,cledamuny@gmpg.org,Non-binary,Laos
36,Jerry,Brake,jbrakez@people.com.cn,Non-binary,China
37,Natal,Greed,ngreed10@artisteer.com,Non-binary,China
38,Moss,Ballendine,mballendine11@so-net.ne.jp,Non-binary,Bangladesh
39,Elmore,Paquet,epaquet12@purevolume.com,Genderqueer,Brazil
40,Roderick,Perrelle,rperrelle13@goo.gl,Non-binary,Bulgaria
41,Sabina,Blampied,sblampied14@bandcamp.com,Female,Tunisia
42,Oralie,Demeter,odemeter15@auda.org.au,Male,Benin
43,Wilbert,Gillibrand,wgillibrand16@hao123.com,Polygender,Mongolia
44,Celisse,Westlake,cwestlake17@shareasale.com,Genderqueer,Nepal
45,Augy,Bodker,abodker18@slate.com,Agender,Russia
46,Elora,Duggan,eduggan19@shop-pro.jp,Agender,Latvia
47,Sofie,Devanney,sdevanney1a@taobao.com,Male,Russia
48,Bettina,Carp,bcarp1b@smh.com.au,Polygender,Greece
49,Nicoline,Strangeways,nstrangeways1c@feedburner.com,Genderfluid,Portugal
50,Kristine,Chung,kchung1d@cornell.edu,Genderfluid,Finland
51,Ynes,Johnes,yjohnes1e@geocities.jp,Female,France
52,Garrard,Treher,gtreher1f@t-online.de,Agender,Indonesia
53,Chelsae,Possa,cpossa1g@furl.net,Male,Thailand
54,Jackie,Osmond,josmond1h@goodreads.com,Polygender,Comoros
55,Jemmie,Prestie,jprestie1i@booking.com,Non-binary,Czech Republic
56,Gilly,Mingardo,gmingardo1j@livejournal.com,Polygender,Indonesia
57,Nerti,Hubert,nhubert1k@ebay.com,Female,Portugal
58,Sybila,Durban,sdurban1l@altervista.org,Genderfluid,United States
59,Tabby,Dusey,tdusey1m@rambler.ru,Female,China
60,Colene,Vollam,cvollam1n@ow.ly,Non-binary,Portugal
61,Sylvester,Phillipp,sphillipp1o@jugem.jp,Bigender,North Korea
62,Renaldo,McCurry,rmccurry1p@cam.ac.uk,Genderqueer,Indonesia
63,Maureen,Merrywether,mmerrywether1q@skype.com,Bigender,Indonesia
64,Loise,Rillstone,lrillstone1r@fc2.com,Agender,Sweden
65,Eryn,Vickors,evickors1s@umich.edu,Genderfluid,China
66,Orbadiah,Kenna,okenna1t@wired.com,Male,China
67,Aksel,Pocklington,apocklington1u@answers.com,Male,Poland
68,Golda,Fetter,gfetter1v@mlb.com,Non-binary,Peru
69,Wayland,Dearman,wdearman1w@washingtonpost.com,Polygender,Russia
70,Eleanore,Bosward,ebosward1x@ustream.tv,Agender,Poland
71,Bernardina,Etridge,betridge1y@seattletimes.com,Agender,Poland
72,Kile,Farenden,kfarenden1z@ed.gov,Male,Czech Republic
73,Genna,Beynon,gbeynon20@princeton.edu,Bigender,Croatia
74,Brendan,Eggins,beggins21@tripadvisor.com,Female,Guinea-Bissau
75,Salaidh,Negro,snegro22@creativecommons.org,Genderfluid,Philippines
76,Berenice,Hannis,bhannis23@uiuc.edu,Genderqueer,Portugal
77,Thatch,Van der Velden,tvandervelden24@nps.gov,Bigender,China
78,Nathalia,Coneybeer,nconeybeer25@loc.gov,Genderfluid,China
79,Micky,Soloway,msoloway26@mapy.cz,Polygender,Mexico
80,Denys,Croughan,dcroughan27@wsj.com,Agender,Portugal
81,Pernell,Millgate,pmillgate28@vistaprint.com,Non-binary,China
82,Gustaf,Hartop,ghartop29@chronoengine.com,Agender,Tunisia
83,Brook,Igounet,bigounet2a@yahoo.com,Bigender,Philippines
84,Basilius,Catanheira,bcatanheira2b@epa.gov,Bigender,China
85,Odie,Trimmell,otrimmell2c@tinyurl.com,Bigender,Poland
86,Keri,Raggett,kraggett2d@topsy.com,Female,Guatemala
87,Heriberto,Milson,hmilson2e@loc.gov,Agender,France
88,Byram,Shewen,bshewen2f@sohu.com,Agender,Japan
89,Blithe,McLenahan,bmclenahan2g@geocities.com,Non-binary,Sweden
90,Greer,Minogue,gminogue2h@yahoo.com,Agender,Mexico
91,Idette,Garaghan,igaraghan2i@bloomberg.com,Agender,Cameroon
92,Ruthann,Isgar,risgar2j@theglobeandmail.com,Genderfluid,Indonesia
93,Agnes,Itzkovsky,aitzkovsky2k@google.de,Genderqueer,Russia
94,Enrica,Lowseley,elowseley2l@usda.gov,Male,China
95,Thomasa,Speeding,tspeeding2m@cnet.com,Bigender,China
96,Marsiella,Di Lucia,mdilucia2n@archive.org,Bigender,China
97,Verine,Arpino,varpino2o@ftc.gov,Genderfluid,United Kingdom
98,Georas,Tanswell,gtanswell2p@quantcast.com,Non-binary,France
99,Ryan,MacPhee,rmacphee2q@toplist.cz,Genderfluid,Russia
100,Lexi,Gladdifh,lgladdifh2r@census.gov,Genderqueer,Poland
101,Patrica,Polye,ppolye2s@fastcompany.com,Bigender,Indonesia
102,Zacharie,Burgen,zburgen2t@live.com,Polygender,Russia
103,Weidar,Mott,wmott2u@creativecommons.org,Polygender,Russia
104,Werner,Vlies,wvlies2v@hud.gov,Non-binary,Russia
105,Oby,McPhillimey,omcphillimey2w@home.pl,Bigender,China
106,Ber,Wimp,bwimp2x@shop-pro.jp,Agender,China
107,Biron,Tremble,btremble2y@posterous.com,Bigender,Indonesia
108,Jasun,Crichton,jcrichton2z@mozilla.com,Agender,Colombia
109,Wiley,Marfell,wmarfell30@nsw.gov.au,Genderqueer,Israel
110,Evangeline,Lemasney,elemasney31@tumblr.com,Genderqueer,Indonesia
111,Anny,Doring,adoring32@usgs.gov,Polygender,Serbia
112,Harriett,Duchesne,hduchesne33@ebay.com,Female,Syria
113,Gaylor,Picton,gpicton34@acquirethisname.com,Genderfluid,Iran
114,Pierette,Drews,pdrews35@omniture.com,Polygender,Poland
115,Carolynn,Caughte,ccaughte36@spiegel.de,Genderfluid,Canada
116,Kissie,Mation,kmation37@guardian.co.uk,Non-binary,Ethiopia
117,Eduard,Tibalt,etibalt38@imdb.com,Non-binary,Russia
118,Jenica,McCurry,jmccurry39@wordpress.org,Genderfluid,Malaysia
119,Annmarie,Maddrah,amaddrah3a@moonfruit.com,Polygender,China
120,Pauli,Novkovic,pnovkovic3b@ibm.com,Female,China
121,Sallie,Louche,slouche3c@tiny.cc,Agender,Peru
122,Leonanie,Normandale,lnormandale3d@taobao.com,Agender,Serbia
123,Holly,Paquet,hpaquet3e@facebook.com,Genderfluid,Portugal
124,Barbara,Klass,bklass3f@opera.com,Polygender,China
125,Hillary,Duham,hduham3g@imgur.com,Female,Peru
126,Waring,Mose,wmose3h@bbb.org,Polygender,Denmark
127,Frederik,Rossoni,frossoni3i@dyndns.org,Bigender,United States
128,Glad,Lepope,glepope3j@newsvine.com,Genderfluid,Argentina
129,Fax,Bardell,fbardell3k@gravatar.com,Male,China
130,Janet,Perrelli,jperrelli3l@sciencedirect.com,Non-binary,China
131,Osgood,Crolly,ocrolly3m@answers.com,Non-binary,Sweden
132,Burg,Roon,broon3n@nba.com,Genderfluid,China
133,Monro,Pignon,mpignon3o@reference.com,Non-binary,Venezuela
134,Nikoletta,Yakuntzov,nyakuntzov3p@barnesandnoble.com,Genderfluid,France
135,Stafford,Rawson,srawson3q@miitbeian.gov.cn,Polygender,Mexico
136,Kaja,Schimmang,kschimmang3r@msu.edu,Agender,Brazil
137,Lucio,Antonelli,lantonelli3s@timesonline.co.uk,Genderqueer,South Korea
138,Bevin,Hurch,bhurch3t@google.it,Male,Greece
139,Farris,Cayton,fcayton3u@umich.edu,Non-binary,Japan
140,Faith,Devlin,fdevlin3v@paypal.com,Bigender,Indonesia
141,Phedra,Scholl,pscholl3w@mtv.com,Agender,New Caledonia
142,Alvira,Chimienti,achimienti3x@webmd.com,Polygender,China
143,Niall,Unwins,nunwins3y@deliciousdays.com,Bigender,Portugal
144,Guthrie,Carson,gcarson3z@ucsd.edu,Non-binary,China
145,Pearl,Livett,plivett40@mapy.cz,Male,Pakistan
146,Alexine,Connikie,aconnikie41@timesonline.co.uk,Bigender,Vanuatu
147,Mariska,Kinlock,mkinlock42@slashdot.org,Non-binary,Russia
148,Dianne,Bettridge,dbettridge43@paginegialle.it,Agender,Syria
149,Octavia,Veasey,oveasey44@scribd.com,Polygender,Russia
150,Blondie,Akram,bakram45@businessweek.com,Agender,China
151,Cassandra,Edgehill,cedgehill46@usa.gov,Genderfluid,Bolivia
152,Freddy,Ostridge,fostridge47@deliciousdays.com,Agender,United States
153,Shayne,Canter,scanter48@ibm.com,Male,China
154,Kacie,Henriet,khenriet49@ucla.edu,Non-binary,China
155,Darda,Arenson,darenson4a@ted.com,Genderqueer,Poland
156,Dwayne,Hunnisett,dhunnisett4b@purevolume.com,Genderfluid,Ukraine
157,Mirabella,Minigo,mminigo4c@ucoz.ru,Agender,Syria
158,Nevsa,Ruler,nruler4d@yolasite.com,Non-binary,Indonesia
159,Robinet,McGennis,rmcgennis4e@latimes.com,Bigender,Philippines
160,Jodi,Mouse,jmouse4f@google.com,Agender,Ukraine
161,Melitta,Arrol,marrol4g@wordpress.org,Polygender,Argentina
162,Hardy,Wrennall,hwrennall4h@cloudflare.com,Polygender,Poland
163,Romonda,Utterson,rutterson4i@ow.ly,Genderqueer,Russia
164,Ki,Brixey,kbrixey4j@tinyurl.com,Bigender,Sweden
165,Powell,Issacov,pissacov4k@twitpic.com,Female,Uganda
166,Gallard,O'Criane,gocriane4l@stanford.edu,Genderqueer,Indonesia
167,Britni,Eloy,beloy4m@imdb.com,Male,Peru
168,Carry,Scamadine,cscamadine4n@xing.com,Genderqueer,Mexico
169,Ralph,Hebble,rhebble4o@tripod.com,Non-binary,France
170,Clywd,Annell,cannell4p@smh.com.au,Genderfluid,Belarus
171,Oliver,Lanigan,olanigan4q@youtu.be,Polygender,Iran
172,Cassandra,Gentil,cgentil4r@state.tx.us,Polygender,China
173,Immanuel,Behning,ibehning4s@shop-pro.jp,Agender,Taiwan
174,Valerie,Lambarth,vlambarth4t@dion.ne.jp,Male,Philippines
175,Dosi,Farragher,dfarragher4u@behance.net,Bigender,Bulgaria
176,Piotr,Fernie,pfernie4v@jigsy.com,Genderfluid,Indonesia
177,Kaleena,Penhaleurack,kpenhaleurack4w@microsoft.com,Polygender,Philippines
178,Samara,Colcomb,scolcomb4x@printfriendly.com,Non-binary,China
179,Teri,McGhie,tmcghie4y@auda.org.au,Agender,Kenya
180,Hanna,De Haven,hdehaven4z@yolasite.com,Female,Poland
181,Randolph,Lazarus,rlazarus50@disqus.com,Agender,Uzbekistan
182,Lee,Waszczykowski,lwaszczykowski51@clickbank.net,Polygender,Indonesia
183,Neron,Lantaph,nlantaph52@wordpress.com,Female,China
184,Chris,Fortnon,cfortnon53@indiegogo.com,Male,United States
185,Emmet,Kitto,ekitto54@mail.ru,Female,Czech Republic
186,Lucinda,Ciardo,lciardo55@hp.com,Genderfluid,United States
187,Phylis,Paaso,ppaaso56@census.gov,Agender,Canada
188,Kassi,Didball,kdidball57@mediafire.com,Polygender,China
189,Minette,Fortman,mfortman58@slideshare.net,Male,Azerbaijan
190,Locke,Cathesyed,lcathesyed59@ask.com,Genderfluid,Russia
191,Mozes,Sworne,msworne5a@usa.gov,Bigender,Poland
192,Alejandrina,Ilyinykh,ailyinykh5b@google.ru,Agender,Indonesia
193,Kalvin,Brodhead,kbrodhead5c@psu.edu,Polygender,Indonesia
194,Francoise,Rubinowitsch,frubinowitsch5d@theguardian.com,Genderqueer,Indonesia
195,Janeta,Riggert,jriggert5e@kickstarter.com,Genderfluid,Vietnam
196,Caron,Long,clong5f@lulu.com,Genderqueer,Brazil
197,Gale,Fehners,gfehners5g@storify.com,Genderqueer,Cyprus
198,Godiva,Auty,gauty5h@sphinn.com,Genderqueer,Indonesia
199,Cooper,Osmint,cosmint5i@tmall.com,Agender,Sweden
200,Jedd,Casse,jcasse5j@51.la,Male,Portugal
201,Shadow,Thrustle,sthrustle5k@tinyurl.com,Non-binary,Portugal
202,Griffy,Treker,gtreker5l@bing.com,Male,Portugal
203,Bond,Applewhaite,bapplewhaite5m@wsj.com,Male,Indonesia
204,Shepperd,O'Nions,sonions5n@miibeian.gov.cn,Agender,Georgia
205,Arabele,Caple,acaple5o@mlb.com,Male,Nepal
206,Elyssa,Robberecht,erobberecht5p@w3.org,Female,China
207,Nikola,London,nlondon5q@tinypic.com,Male,France
208,Goran,Fearnyhough,gfearnyhough5r@epa.gov,Bigender,China
209,Ronny,Copyn,rcopyn5s@slideshare.net,Female,Thailand
210,Brigit,Kryska,bkryska5t@t-online.de,Male,Nigeria
211,Kaye,Fraschini,kfraschini5u@spiegel.de,Genderfluid,Colombia
212,Iona,Biggen,ibiggen5v@usa.gov,Bigender,Kuwait
213,Cymbre,Wearn,cwearn5w@acquirethisname.com,Polygender,Brazil
214,Noam,Oris,noris5x@ocn.ne.jp,Male,Indonesia
215,Antonella,Gladstone,agladstone5y@prnewswire.com,Polygender,Brazil
216,Silvana,Eckh,seckh5z@noaa.gov,Agender,Brazil
217,Janela,Cumming,jcumming60@statcounter.com,Genderqueer,China
218,Joela,Pherps,jpherps61@ask.com,Polygender,China
219,Lexy,Culligan,lculligan62@clickbank.net,Bigender,Canada
220,Erinna,Demange,edemange63@tripadvisor.com,Male,Greece
221,Anabel,Bazelle,abazelle64@ibm.com,Non-binary,United States
222,Rafa,Kilgallon,rkilgallon65@flickr.com,Agender,Philippines
223,Carley,Rimmington,crimmington66@imgur.com,Bigender,Czech Republic
224,Dawn,Burghall,dburghall67@europa.eu,Agender,France
225,Lynnette,Auger,lauger68@webmd.com,Male,China
226,Bengt,Farish,bfarish69@posterous.com,Genderfluid,China
227,Bernadina,Somerset,bsomerset6a@google.cn,Non-binary,Poland
228,Ellissa,Bagge,ebagge6b@feedburner.com,Genderfluid,Philippines
229,Mahmud,De Bruijne,mdebruijne6c@china.com.cn,Bigender,Vietnam
230,Ami,Adan,aadan6d@tinypic.com,Bigender,Indonesia
231,Umberto,Grinham,ugrinham6e@princeton.edu,Genderfluid,Ireland
232,Patrick,Dunstall,pdunstall6f@gnu.org,Genderqueer,China
233,Georgy,Taggerty,gtaggerty6g@princeton.edu,Bigender,Norway
234,Burl,Hellin,bhellin6h@youtu.be,Female,Czech Republic
235,Terrel,Hebdon,thebdon6i@hugedomains.com,Non-binary,Portugal
236,Charo,Eltone,celtone6j@abc.net.au,Non-binary,Sweden
237,Tamarah,Sidden,tsidden6k@illinois.edu,Bigender,United States
238,Dierdre,Wilbore,dwilbore6l@xing.com,Polygender,Indonesia
239,Gerald,Files,gfiles6m@umn.edu,Agender,Indonesia
240,Frank,Merrisson,fmerrisson6n@unc.edu,Male,Indonesia
241,Pace,Brightie,pbrightie6o@blogtalkradio.com,Female,Czech Republic
242,Brion,Banger,bbanger6p@ucla.edu,Agender,Philippines
243,Mureil,Slogrove,mslogrove6q@networksolutions.com,Non-binary,France
244,Courtney,Neary,cneary6r@techcrunch.com,Genderfluid,Brazil
245,Sonni,Heeran,sheeran6s@yellowpages.com,Male,Indonesia
246,Maure,Shakspeare,mshakspeare6t@weebly.com,Male,China
247,Martyn,Jeacock,mjeacock6u@illinois.edu,Non-binary,China
248,Brice,Trenaman,btrenaman6v@hibu.com,Agender,Philippines
249,Kameko,Dumbell,kdumbell6w@hostgator.com,Bigender,Finland
250,Kurt,Brabbs,kbrabbs6x@deviantart.com,Female,Peru
251,Baily,Feldhorn,bfeldhorn6y@ebay.co.uk,Genderfluid,Dominican Republic
252,Flory,Grange,fgrange6z@ucla.edu,Non-binary,Philippines
253,Eadie,Bucktharp,ebucktharp70@cdc.gov,Genderqueer,Philippines
254,Blanche,Forrestill,bforrestill71@techcrunch.com,Agender,China
255,Marlowe,Harms,mharms72@springer.com,Polygender,France
256,Kelci,Van der Hoeven,kvanderhoeven73@apple.com,Bigender,Mali
257,Mabelle,Sandry,msandry74@vimeo.com,Genderqueer,China
258,Michelle,Ferronel,mferronel75@shareasale.com,Non-binary,Argentina
259,Townie,De Domenicis,tdedomenicis76@com.com,Female,China
260,Blythe,Taggerty,btaggerty77@comsenz.com,Genderfluid,Indonesia
261,Rockie,Wrotham,rwrotham78@networkadvertising.org,Female,China
262,Trevor,Benzi,tbenzi79@blogger.com,Genderfluid,China
263,Doroteya,Colbourn,dcolbourn7a@time.com,Bigender,Greece
264,Marlane,Blount,mblount7b@cdc.gov,Male,Indonesia
265,Mirilla,Thrustle,mthrustle7c@princeton.edu,Non-binary,Poland
266,Tabby,Grumble,tgrumble7d@ca.gov,Non-binary,France
267,Warren,Collin,wcollin7e@hatena.ne.jp,Bigender,Russia
268,Ermentrude,Kyllford,ekyllford7f@hibu.com,Non-binary,China
269,Albert,O'Mohun,aomohun7g@sitemeter.com,Male,Guatemala
270,Wini,Elger,welger7h@java.com,Male,Panama
271,Chelsey,Clemont,cclemont7i@ifeng.com,Genderqueer,Russia
272,Basile,Lobley,blobley7j@comsenz.com,Male,China
273,Corenda,Shears,cshears7k@sohu.com,Agender,Ivory Coast
274,Davin,Bonn,dbonn7l@un.org,Bigender,Brazil
275,Rollin,Greenfield,rgreenfield7m@bloomberg.com,Genderfluid,Georgia
276,Robinetta,Gateman,rgateman7n@google.com.hk,Non-binary,Portugal
277,Johnnie,Tring,jtring7o@unicef.org,Agender,Morocco
278,Alvina,Craik,acraik7p@yale.edu,Bigender,China
279,Ava,Pickerin,apickerin7q@washingtonpost.com,Genderfluid,China
280,Emelyne,Scirman,escirman7r@tripod.com,Genderfluid,Peru
281,Wilek,Kittiman,wkittiman7s@instagram.com,Female,Ukraine
282,Orran,Charlick,ocharlick7t@t-online.de,Genderfluid,Russia
283,Perry,Bolliver,pbolliver7u@cnet.com,Female,Indonesia
284,Minna,Shovelin,mshovelin7v@cloudflare.com,Female,China
285,Kermy,Boyce,kboyce7w@mozilla.org,Male,Russia
286,Baxy,Hawkswood,bhawkswood7x@etsy.com,Female,Russia
287,Berry,Orkney,borkney7y@blogger.com,Genderfluid,Indonesia
288,Carmine,Brickhill,cbrickhill7z@chicagotribune.com,Male,Philippines
289,Brunhilde,Pacher,bpacher80@digg.com,Bigender,Malaysia
290,Corabel,Maytum,cmaytum81@istockphoto.com,Genderqueer,United Arab Emirates
291,Nikolas,Lechmere,nlechmere82@wp.com,Female,Thailand
292,Cheslie,Hebditch,chebditch83@mayoclinic.com,Female,China
293,Pavel,Selliman,pselliman84@uiuc.edu,Polygender,Tanzania
294,Eveline,Domerc,edomerc85@redcross.org,Genderqueer,Poland
295,Frannie,Hansen,fhansen86@jimdo.com,Non-binary,Philippines
296,Sanford,Craisford,scraisford87@163.com,Polygender,Slovakia
297,Pammie,Grouse,pgrouse88@thetimes.co.uk,Bigender,Indonesia
298,Kati,Ducarne,kducarne89@msu.edu,Genderqueer,South Korea
299,Niall,Eberlein,neberlein8a@examiner.com,Male,Sweden
300,Niki,Hicks,nhicks8b@php.net,Female,Canada
301,Laureen,Toler,ltoler8c@wikipedia.org,Male,Philippines
302,Juan,Jeenes,jjeenes8d@usa.gov,Genderfluid,Philippines
303,Tad,Philcott,tphilcott8e@timesonline.co.uk,Female,Philippines
304,Skipper,Danielot,sdanielot8f@lycos.com,Female,Guatemala
305,Catie,Radford,cradford8g@drupal.org,Genderqueer,Central African Republic
306,Ivor,Barbour,ibarbour8h@buzzfeed.com,Genderfluid,Indonesia
307,Biddy,Grabert,bgrabert8i@boston.com,Polygender,Sweden
308,Betsey,Jubb,bjubb8j@github.com,Genderfluid,Honduras
309,Marlowe,Gergher,mgergher8k@army.mil,Female,Poland
310,Elspeth,Terrington,eterrington8l@jigsy.com,Bigender,Japan
311,Vivien,McNeilly,vmcneilly8m@scribd.com,Genderqueer,China
312,Kristian,Markwelley,kmarkwelley8n@wufoo.com,Bigender,Portugal
313,Inglebert,Huton,ihuton8o@marketwatch.com,Polygender,Czech Republic
314,Reggy,Prier,rprier8p@usatoday.com,Genderqueer,China
315,Ilario,Stilldale,istilldale8q@phoca.cz,Non-binary,Czech Republic
316,Torrey,Branigan,tbranigan8r@multiply.com,Female,Portugal
317,Imelda,Shackel,ishackel8s@dmoz.org,Genderfluid,Indonesia
318,Kris,McFee,kmcfee8t@instagram.com,Female,Afghanistan
319,Windy,Boadby,wboadby8u@google.nl,Male,China
320,Cherie,McWhinnie,cmcwhinnie8v@senate.gov,Bigender,China
321,Cody,Parton,cparton8w@about.me,Male,Indonesia
322,Chiquia,Scurrer,cscurrer8x@cornell.edu,Female,China
323,Carson,Leefe,cleefe8y@japanpost.jp,Non-binary,Poland
324,Alix,Schoenfisch,aschoenfisch8z@deliciousdays.com,Genderfluid,France
325,Laurence,Tamplin,ltamplin90@hugedomains.com,Female,United States
326,Flossie,Fenimore,ffenimore91@google.ca,Polygender,Zimbabwe
327,Ortensia,Cudihy,ocudihy92@cbsnews.com,Genderqueer,China
328,Lexine,Dewes,ldewes93@arizona.edu,Polygender,Burkina Faso
329,Nanete,Luthwood,nluthwood94@jugem.jp,Genderqueer,Argentina
330,Ethe,Meran,emeran95@google.pl,Female,Peru
331,Allx,Groundwator,agroundwator96@gov.uk,Genderqueer,Brazil
332,Tore,Berkeley,tberkeley97@123-reg.co.uk,Bigender,Gambia
333,Misti,Molines,mmolines98@bing.com,Male,Poland
334,Carlin,Duly,cduly99@va.gov,Bigender,Honduras
335,Devondra,Gartin,dgartin9a@weebly.com,Genderfluid,France
336,Cally,Garner,cgarner9b@lulu.com,Male,Iran
337,Lari,Downs,ldowns9c@yandex.ru,Agender,New Zealand
338,Consolata,Bleaden,cbleaden9d@uiuc.edu,Polygender,Indonesia
339,Herman,Bensusan,hbensusan9e@cloudflare.com,Bigender,Poland
340,Francois,Carcass,fcarcass9f@devhub.com,Male,Kazakhstan
341,Deeanne,Dunaway,ddunaway9g@illinois.edu,Polygender,Venezuela
342,Nilson,MacCurley,nmaccurley9h@reference.com,Genderqueer,Australia
343,Robinson,De Beauchamp,rdebeauchamp9i@dell.com,Genderfluid,Mali
344,Logan,Riquet,lriquet9j@printfriendly.com,Female,Slovenia
345,Laverne,Doody,ldoody9k@tamu.edu,Female,Cuba
346,Ardella,Valentinuzzi,avalentinuzzi9l@ebay.com,Polygender,China
347,Raynor,Blacklidge,rblacklidge9m@studiopress.com,Male,Russia
348,Geoff,Lugden,glugden9n@lycos.com,Male,China
349,Kirk,Skea,kskea9o@cmu.edu,Polygender,Czech Republic
350,Ynes,Barrack,ybarrack9p@utexas.edu,Male,Philippines
351,Constance,Girodias,cgirodias9q@blinklist.com,Genderfluid,Georgia
352,Georgia,Likely,glikely9r@prnewswire.com,Agender,Nigeria
353,Dorian,Mulcock,dmulcock9s@ft.com,Female,United States
354,Lorrie,Airy,lairy9t@google.pl,Polygender,Colombia
355,Allen,Iacomelli,aiacomelli9u@google.de,Genderqueer,Brazil
356,Cyrill,Bleythin,cbleythin9v@linkedin.com,Genderqueer,Ethiopia
357,Elwood,O'Brollachain,eobrollachain9w@canalblog.com,Genderqueer,Indonesia
358,Pieter,Leber,pleber9x@ocn.ne.jp,Non-binary,France
359,Laureen,Gallimore,lgallimore9y@delicious.com,Agender,Russia
360,Johann,Winsbury,jwinsbury9z@rakuten.co.jp,Non-binary,Ethiopia
361,Shalom,Bythell,sbythella0@biblegateway.com,Genderfluid,Russia
362,Prudy,Gronow,pgronowa1@dailymotion.com,Genderfluid,Portugal
363,Thibaud,Decaze,tdecazea2@live.com,Polygender,French Polynesia
364,Gwendolyn,Ottery,gotterya3@bravesites.com,Polygender,Philippines
365,Nollie,Nel,nnela4@java.com,Agender,China
366,Karlene,Pizzie,kpizziea5@t.co,Agender,Azerbaijan
367,Sheridan,Renouf,srenoufa6@china.com.cn,Agender,United Kingdom
368,Ariadne,Faunch,afauncha7@skyrock.com,Genderfluid,Ukraine
369,Keene,Affleck,kafflecka8@imageshack.us,Genderqueer,Turkmenistan
370,Morgan,Roberds,mroberdsa9@home.pl,Genderfluid,Poland
371,Nathan,Nannetti,nnannettiaa@multiply.com,Agender,Czech Republic
372,Hamlin,Surtees,hsurteesab@issuu.com,Bigender,Japan
373,Goldia,Sizzey,gsizzeyac@cmu.edu,Male,United States
374,Currie,Theyer,ctheyerad@economist.com,Genderfluid,Indonesia
375,Theodoric,Maddie,tmaddieae@smugmug.com,Male,China
376,Kathryne,Brodie,kbrodieaf@bloomberg.com,Female,Philippines
377,Denyse,Lerohan,dlerohanag@amazon.com,Male,Peru
378,Sherill,McCafferky,smccafferkyah@narod.ru,Female,China
379,Charis,Polleye,cpolleyeai@wp.com,Polygender,Czech Republic
380,Desiri,Hedan,dhedanaj@tripadvisor.com,Polygender,Thailand
381,Guss,Beven,gbevenak@bloomberg.com,Polygender,Nigeria
382,Tybalt,Inggall,tinggallal@gizmodo.com,Genderfluid,Uzbekistan
383,Eadith,Trevarthen,etrevarthenam@i2i.jp,Genderfluid,China
384,Town,Riddel,triddelan@mtv.com,Female,Guatemala
385,Laraine,O'Hare,lohareao@edublogs.org,Genderfluid,Armenia
386,Terry,Blaiklock,tblaiklockap@infoseek.co.jp,Non-binary,China
387,Andy,Ruseworth,aruseworthaq@java.com,Polygender,Malaysia
388,Inness,Treend,itreendar@seesaa.net,Agender,United States
389,Dorella,Fullick,dfullickas@soundcloud.com,Male,Portugal
390,Grove,Annable,gannableat@samsung.com,Genderfluid,Indonesia
391,Isabella,Langhorne,ilanghorneau@flavors.me,Female,Japan
392,Kippar,Scane,kscaneav@tmall.com,Male,China
393,Bunni,Petti,bpettiaw@linkedin.com,Agender,Ivory Coast
394,Laurella,Dobbins,ldobbinsax@parallels.com,Male,China
395,Elsie,Sibly,esiblyay@github.com,Genderqueer,Serbia
396,Kassandra,Mohun,kmohunaz@msn.com,Male,China
397,Wadsworth,Cornilleau,wcornilleaub0@spotify.com,Bigender,France
398,Wilek,Greenstead,wgreensteadb1@cafepress.com,Non-binary,Bangladesh
399,Shelly,Mc Ilwrick,smcilwrickb2@sitemeter.com,Genderqueer,Aland Islands
400,Barbie,Janas,bjanasb3@twitter.com,Genderqueer,Indonesia
401,Malory,Lally,mlallyb4@soup.io,Polygender,China
402,Kristien,Whatham,kwhathamb5@foxnews.com,Male,Malaysia
403,Deborah,Perree,dperreeb6@wiley.com,Female,Greece
404,Sybyl,Baigent,sbaigentb7@sourceforge.net,Bigender,Indonesia
405,Chaddie,Lacoste,clacosteb8@multiply.com,Genderfluid,China
406,Florri,Gunby,fgunbyb9@tinypic.com,Female,Finland
407,Kippie,Grote,kgroteba@wunderground.com,Non-binary,Uzbekistan
408,Shaylyn,Raatz,sraatzbb@vk.com,Genderqueer,Indonesia
409,Fiorenze,Maylam,fmaylambc@163.com,Genderqueer,Pakistan
410,Alyse,Honnicott,ahonnicottbd@shop-pro.jp,Genderfluid,United States
411,Gan,Ketteman,gkettemanbe@samsung.com,Polygender,Italy
412,Lizzy,Flippen,lflippenbf@liveinternet.ru,Male,Brazil
413,Pavel,Charlin,pcharlinbg@unblog.fr,Agender,Sweden
414,Othella,Ferns,ofernsbh@imdb.com,Bigender,United States
415,Teresa,Dewan,tdewanbi@europa.eu,Polygender,China
416,Merry,Carlan,mcarlanbj@oracle.com,Polygender,Mauritius
417,Eddy,Crosland,ecroslandbk@ebay.co.uk,Bigender,Serbia
418,Cristiano,Wittrington,cwittringtonbl@friendfeed.com,Polygender,Sweden
419,Florette,Kinrade,fkinradebm@domainmarket.com,Genderqueer,Indonesia
420,Ivett,Baylis,ibaylisbn@geocities.jp,Polygender,France
421,Olympia,Cunnane,ocunnanebo@creativecommons.org,Polygender,China
422,Savina,Capper,scapperbp@ucsd.edu,Non-binary,Slovenia
423,Catrina,McBeith,cmcbeithbq@mozilla.org,Bigender,Russia
424,Orin,Stockin,ostockinbr@unc.edu,Bigender,Indonesia
425,Cynthea,Bowgen,cbowgenbs@wsj.com,Genderfluid,Japan
426,Edmon,Sally,esallybt@mapy.cz,Bigender,China
427,Corina,Varey,cvareybu@tripadvisor.com,Genderfluid,Japan
428,La verne,Hartley,lhartleybv@sbwire.com,Male,Brazil
429,Georgie,Pennone,gpennonebw@bbb.org,Agender,France
430,Patrizio,Janssens,pjanssensbx@ow.ly,Genderfluid,Malaysia
431,Tillie,Gregon,tgregonby@nyu.edu,Male,Madagascar
432,Niko,Skeene,nskeenebz@bizjournals.com,Male,Croatia
433,Tod,Radloff,tradloffc0@abc.net.au,Non-binary,Brazil
434,Tabitha,Jodlowski,tjodlowskic1@ehow.com,Female,Zimbabwe
435,Wallis,Argrave,wargravec2@photobucket.com,Polygender,Brazil
436,Douglass,Janaud,djanaudc3@github.io,Genderqueer,Tunisia
437,Denise,Payle,dpaylec4@slate.com,Male,Bulgaria
438,Claude,Schwander,cschwanderc5@desdev.cn,Male,Ukraine
439,Fionna,Eaton,featonc6@geocities.com,Non-binary,Poland
440,Charmion,Bradder,cbradderc7@dot.gov,Genderqueer,China
441,Anastasie,Hymus,ahymusc8@businesswire.com,Polygender,Sweden
442,Fidelia,Hame,fhamec9@tmall.com,Agender,Peru
443,Dahlia,Redwall,dredwallca@msn.com,Genderfluid,Portugal
444,Mirabelle,Jirieck,mjirieckcb@pbs.org,Genderqueer,China
445,Brigida,Gilbart,bgilbartcc@yellowpages.com,Genderqueer,Indonesia
446,Rebeca,Dinkin,rdinkincd@fda.gov,Non-binary,Colombia
447,Darda,Nelissen,dnelissence@creativecommons.org,Agender,Albania
448,Delmar,Jerok,djerokcf@blogtalkradio.com,Male,Indonesia
449,Wain,Pamplin,wpamplincg@mayoclinic.com,Bigender,Peru
450,Elston,Clace,eclacech@paypal.com,Genderqueer,Greece
451,Holli,Klee,hkleeci@paginegialle.it,Female,Philippines
452,Tailor,McLugaish,tmclugaishcj@marketwatch.com,Male,Venezuela
453,Sharon,Tribell,stribellck@vkontakte.ru,Male,Tanzania
454,Eliot,Peedell,epeedellcl@kickstarter.com,Agender,Slovenia
455,Kimball,Jaslem,kjaslemcm@omniture.com,Bigender,Poland
456,Cullie,Lycett,clycettcn@lulu.com,Polygender,Indonesia
457,Kassie,Hankins,khankinsco@myspace.com,Non-binary,France
458,Kira,De Lasci,kdelascicp@ovh.net,Male,Colombia
459,Melinde,Jecks,mjeckscq@edublogs.org,Agender,Philippines
460,Skell,O' Quirk,soquirkcr@blog.com,Male,Ireland
461,Clare,Bidder,cbiddercs@quantcast.com,Female,Indonesia
462,Doyle,Roydon,droydonct@webs.com,Female,Greece
463,Bunny,Royste,broystecu@jimdo.com,Male,Peru
464,Leonora,McKendry,lmckendrycv@unc.edu,Genderqueer,China
465,Reidar,Yokley,ryokleycw@stanford.edu,Male,Estonia
466,Tatum,Manders,tmanderscx@myspace.com,Agender,Brazil
467,Perl,Bragginton,pbraggintoncy@amazon.co.uk,Bigender,Argentina
468,Jaquith,Crowson,jcrowsoncz@java.com,Male,Indonesia
469,Roddie,Goundsy,rgoundsyd0@google.cn,Genderqueer,Russia
470,Beryl,Pickerin,bpickerind1@usda.gov,Non-binary,Poland
471,Samaria,Smouten,ssmoutend2@ycombinator.com,Agender,Poland
472,Pepe,Geekie,pgeekied3@mlb.com,Genderfluid,China
473,Katleen,Fearenside,kfearensided4@canalblog.com,Polygender,Ecuador
474,Rollin,Speller,rspellerd5@engadget.com,Male,China
475,Holden,Maytum,hmaytumd6@yellowbook.com,Female,Cyprus
476,Danita,Cork,dcorkd7@bloglines.com,Female,Indonesia
477,Amandy,Spare,aspared8@constantcontact.com,Non-binary,Indonesia
478,Rozele,Livens,rlivensd9@furl.net,Bigender,China
479,Tabby,Caplis,tcaplisda@moonfruit.com,Genderqueer,Belarus
480,Archaimbaud,Ivankov,aivankovdb@stumbleupon.com,Bigender,Russia
481,Jill,Harbour,jharbourdc@wufoo.com,Polygender,Colombia
482,Don,Percival,dpercivaldd@artisteer.com,Genderqueer,Russia
483,Dilly,Pendrill,dpendrillde@stanford.edu,Genderqueer,Syria
484,Opal,Evershed,oeversheddf@discuz.net,Non-binary,China
485,Ephraim,Stennard,estennarddg@whitehouse.gov,Polygender,China
486,Brenda,Forrest,bforrestdh@gmpg.org,Genderfluid,Greece
487,Lionello,ffrench Beytagh,lffrenchbeytaghdi@w3.org,Male,China
488,Cornela,Easterling,ceasterlingdj@sina.com.cn,Genderfluid,China
489,Anabal,Waldocke,awaldockedk@weebly.com,Polygender,China
490,Brigitta,Lindenberg,blindenbergdl@virginia.edu,Genderqueer,Portugal
491,Kalvin,Pearlman,kpearlmandm@amazon.de,Bigender,Peru
492,Alfonso,Jeyes,ajeyesdn@irs.gov,Agender,Philippines
493,Kent,Gianni,kgiannido@dyndns.org,Non-binary,Netherlands
494,Laurena,Moynihan,lmoynihandp@google.com.br,Polygender,Japan
495,Artair,McMeanma,amcmeanmadq@discovery.com,Male,United Arab Emirates
496,Palm,Frenzl,pfrenzldr@phpbb.com,Polygender,Indonesia
497,Iago,Batalle,ibatalleds@csmonitor.com,Bigender,Belarus
498,Grant,Doget,gdogetdt@123-reg.co.uk,Genderqueer,Czech Republic
499,Christiano,Greason,cgreasondu@biblegateway.com,Agender,Chile
500,Christin,Arnfield,carnfielddv@webmd.com,Agender,Canada
501,Clementine,Kinze,ckinzedw@wsj.com,Genderfluid,Sweden
502,Kipp,Scarlett,kscarlettdx@loc.gov,Non-binary,Sweden
503,Wolf,Kytley,wkytleydy@ed.gov,Female,China
504,Elna,Beazley,ebeazleydz@npr.org,Agender,Philippines
505,Chas,Abrahamsohn,cabrahamsohne0@shutterfly.com,Genderfluid,China
506,Gorden,Rogers,grogerse1@squarespace.com,Genderfluid,China
507,Amata,Ollerhad,aollerhade2@ucla.edu,Genderqueer,Portugal
508,Claus,Burchill,cburchille3@altervista.org,Genderfluid,China
509,Cammie,Nutman,cnutmane4@squarespace.com,Polygender,Latvia
510,Billie,Mangam,bmangame5@purevolume.com,Male,China
511,Dewain,Helin,dheline6@mashable.com,Agender,Indonesia
512,Beret,Occleshaw,boccleshawe7@who.int,Non-binary,Argentina
513,Horatius,Lofthouse,hlofthousee8@1688.com,Polygender,Iran
514,Spenser,Bigadike,sbigadikee9@vistaprint.com,Bigender,Peru
515,Xymenes,Nisen,xnisenea@soup.io,Bigender,Sweden
516,Neils,Trickett,ntricketteb@godaddy.com,Genderfluid,Brazil
517,Klarrisa,Faircloth,kfairclothec@skype.com,Male,China
518,Cosetta,Cammocke,ccammockeed@quantcast.com,Bigender,Russia
519,Cindie,Adamsen,cadamsenee@mediafire.com,Genderqueer,Sweden
520,Blinnie,Caldero,bcalderoef@hibu.com,Genderfluid,Brazil
521,Antonius,Warricker,awarrickereg@chronoengine.com,Female,Greece
522,Yanaton,Bowdler,ybowdlereh@zdnet.com,Genderqueer,China
523,Derwin,Biesty,dbiestyei@photobucket.com,Bigender,Nicaragua
524,Frederica,Gladdish,fgladdishej@cornell.edu,Non-binary,Panama
525,Reinold,Brimilcombe,rbrimilcombeek@techcrunch.com,Polygender,Peru
526,Timmie,Codlin,tcodlinel@e-recht24.de,Polygender,China
527,Elvin,Clowes,eclowesem@thetimes.co.uk,Male,Venezuela
528,Karoly,Duddell,kduddellen@google.fr,Non-binary,China
529,Charley,Ivimey,civimeyeo@ted.com,Female,Indonesia
530,Tallie,Forster,tforsterep@indiegogo.com,Female,China
531,Lorrie,Dreye,ldreyeeq@mashable.com,Agender,China
532,Reidar,Jovicevic,rjovicevicer@shutterfly.com,Non-binary,Central African Republic
533,Johanna,Vandrill,jvandrilles@wunderground.com,Polygender,Portugal
534,Maurizio,Stare,mstareet@behance.net,Agender,China
535,Salim,Stoodley,sstoodleyeu@privacy.gov.au,Bigender,Indonesia
536,Jami,Sandcraft,jsandcraftev@psu.edu,Non-binary,Indonesia
537,Babbie,Mealiffe,bmealiffeew@techcrunch.com,Male,Indonesia
538,Terza,Stabler,tstablerex@nsw.gov.au,Male,Philippines
539,Ammamaria,Haydn,ahaydney@is.gd,Non-binary,Mongolia
540,Dennison,McGrill,dmcgrillez@scientificamerican.com,Agender,Pakistan
541,Wynn,Winsome,wwinsomef0@wsj.com,Female,Philippines
542,Electra,Hallet,ehalletf1@behance.net,Female,Indonesia
543,Thorin,Mullins,tmullinsf2@stumbleupon.com,Genderqueer,Indonesia
544,Chickie,Godleman,cgodlemanf3@dot.gov,Genderqueer,Mexico
545,Vladamir,Crepin,vcrepinf4@census.gov,Bigender,Philippines
546,Pasquale,O'Callaghan,pocallaghanf5@biblegateway.com,Agender,Thailand
547,Broddy,Bercher,bbercherf6@dedecms.com,Male,Russia
548,Case,Belle,cbellef7@techcrunch.com,Male,China
549,Rosalinda,Robbeke,rrobbekef8@utexas.edu,Genderqueer,Ireland
550,Vincenz,McNair,vmcnairf9@shareasale.com,Bigender,Philippines
551,Sande,Herity,sherityfa@sourceforge.net,Female,France
552,Dewey,Ferroni,dferronifb@guardian.co.uk,Agender,Thailand
553,Helenka,Dyerson,hdyersonfc@ibm.com,Genderqueer,El Salvador
554,Lucy,Victor,lvictorfd@examiner.com,Bigender,Portugal
555,Calida,Mouat,cmouatfe@baidu.com,Genderqueer,Philippines
556,Quint,Osbidston,qosbidstonff@google.cn,Genderqueer,Philippines
557,Judas,Shapland,jshaplandfg@taobao.com,Bigender,Mexico
558,Ignatius,Cayle,icaylefh@reference.com,Agender,France
559,Tobin,Broxap,tbroxapfi@cornell.edu,Agender,United States
560,Randy,Chumley,rchumleyfj@infoseek.co.jp,Genderqueer,Brazil
561,Chiquita,Lambillion,clambillionfk@stanford.edu,Male,Tunisia
562,Lannie,Tew,ltewfl@bizjournals.com,Agender,Czech Republic
563,Rab,Le Grove,rlegrovefm@hc360.com,Bigender,Dominican Republic
564,Gabby,Greenwood,ggreenwoodfn@wsj.com,Male,China
565,Eba,Sowthcote,esowthcotefo@mayoclinic.com,Polygender,Iraq
566,Nelly,Sanchiz,nsanchizfp@bloglines.com,Polygender,Azerbaijan
567,Jamesy,Probets,jprobetsfq@globo.com,Male,China
568,Tyler,Pfeuffer,tpfeufferfr@cbslocal.com,Male,Brazil
569,Cornie,Durrett,cdurrettfs@epa.gov,Agender,Slovenia
570,Lucila,Hutchings,lhutchingsft@imageshack.us,Genderfluid,China
571,Phaidra,MacFadzan,pmacfadzanfu@arizona.edu,Male,Tanzania
572,Malcolm,La Rosa,mlarosafv@ucoz.com,Non-binary,Indonesia
573,Alexina,Margiotta,amargiottafw@ftc.gov,Non-binary,Nigeria
574,Hester,Espadero,hespaderofx@dot.gov,Bigender,South Korea
575,Hagen,Duggen,hduggenfy@wufoo.com,Bigender,China
576,Chrisse,Sillwood,csillwoodfz@prlog.org,Female,China
577,Darcy,Dwine,ddwineg0@sitemeter.com,Male,Indonesia
578,Linnie,Halpin,lhalping1@istockphoto.com,Male,Thailand
579,Morlee,Deverill,mdeverillg2@nature.com,Agender,Slovenia
580,Reinhard,Wisher,rwisherg3@e-recht24.de,Genderqueer,Indonesia
581,Alene,Delleschi,adelleschig4@woothemes.com,Female,China
582,Emmeline,Corcoran,ecorcorang5@nyu.edu,Female,Portugal
583,Karla,Martynikhin,kmartynikhing6@themeforest.net,Genderqueer,China
584,Blayne,McIlhatton,bmcilhattong7@slate.com,Non-binary,Russia
585,Roanna,Winscom,rwinscomg8@rakuten.co.jp,Male,Indonesia
586,Aleda,O'Dyvoy,aodyvoyg9@aol.com,Male,Ukraine
587,Dell,Missenden,dmissendenga@phpbb.com,Non-binary,China
588,Anatol,Colby,acolbygb@studiopress.com,Bigender,Greece
589,Vinny,Chitson,vchitsongc@mit.edu,Male,Germany
590,Alonso,Crichmer,acrichmergd@stumbleupon.com,Polygender,New Zealand
591,Billi,Kneal,bknealge@dion.ne.jp,Female,Kazakhstan
592,Wanids,Grainger,wgraingergf@virginia.edu,Polygender,Armenia
593,Ashleigh,Inchcomb,ainchcombgg@va.gov,Male,Mexico
594,Mercy,Peckitt,mpeckittgh@bing.com,Female,Vietnam
595,Byrom,Revitt,brevittgi@typepad.com,Genderqueer,China
596,Rochester,Warboy,rwarboygj@is.gd,Polygender,Poland
597,Kristien,Dougherty,kdoughertygk@businesswire.com,Male,Poland
598,Amberly,Vickar,avickargl@storify.com,Genderfluid,China
599,Leland,Walburn,lwalburngm@usda.gov,Polygender,China
600,Melva,Shenfish,mshenfishgn@utexas.edu,Polygender,China
601,Frank,Arnaut,farnautgo@answers.com,Genderqueer,Yemen
602,Dun,Shropshire,dshropshiregp@wikipedia.org,Bigender,Mali
603,Taffy,Fripps,tfrippsgq@histats.com,Female,Philippines
604,Shea,Challicombe,schallicombegr@dedecms.com,Agender,Chile
605,Ulrick,Lilley,ulilleygs@redcross.org,Polygender,Brazil
606,Myron,Vigors,mvigorsgt@usda.gov,Non-binary,Portugal
607,Aubrette,Viggers,aviggersgu@microsoft.com,Genderfluid,China
608,Dov,Gariff,dgariffgv@vistaprint.com,Female,Poland
609,Avery,Wheildon,awheildongw@wired.com,Genderfluid,Japan
610,Jory,Litchmore,jlitchmoregx@ca.gov,Female,China
611,Kerianne,Potapczuk,kpotapczukgy@oakley.com,Non-binary,China
612,Orson,Palffy,opalffygz@w3.org,Genderqueer,China
613,Linell,Commander,lcommanderh0@php.net,Bigender,China
614,Waiter,Gage,wgageh1@ameblo.jp,Genderqueer,Japan
615,Yvon,Humphries,yhumphriesh2@printfriendly.com,Agender,China
616,Trudey,Mealand,tmealandh3@who.int,Polygender,Honduras
617,Mose,Oxherd,moxherdh4@issuu.com,Non-binary,Argentina
618,Nadiya,Toman,ntomanh5@hugedomains.com,Agender,Poland
619,Adler,Gabbatt,agabbatth6@hao123.com,Genderfluid,Philippines
620,Calida,Sambedge,csambedgeh7@xing.com,Male,Poland
621,Florencia,Coats,fcoatsh8@walmart.com,Female,United States
622,Hestia,Meneer,hmeneerh9@arizona.edu,Genderfluid,China
623,Babs,Prickett,bprickettha@auda.org.au,Female,Australia
624,Edouard,Lyman,elymanhb@networksolutions.com,Polygender,China
625,Thoma,Georgeson,tgeorgesonhc@reuters.com,Non-binary,Philippines
626,Drusi,Juszkiewicz,djuszkiewiczhd@yandex.ru,Non-binary,Sweden
627,Betsey,Casley,bcasleyhe@va.gov,Polygender,Czech Republic
628,Carin,Buddleigh,cbuddleighhf@qq.com,Non-binary,Guinea
629,Zachariah,Pollack,zpollackhg@xrea.com,Male,Czech Republic
630,Jolynn,Bruyet,jbruyethh@businessweek.com,Genderqueer,Philippines
631,Brenden,Coggill,bcoggillhi@bbc.co.uk,Genderfluid,Philippines
632,Linette,Jendrassik,ljendrassikhj@nba.com,Agender,Portugal
633,Jenni,Raithby,jraithbyhk@adobe.com,Genderqueer,Pakistan
634,Sherilyn,Baynam,sbaynamhl@ucoz.com,Agender,Indonesia
635,Holden,Sherman,hshermanhm@about.com,Agender,Sudan
636,Julius,Taye,jtayehn@mysql.com,Bigender,Indonesia
637,Leodora,Knellen,lknellenho@walmart.com,Non-binary,Serbia
638,Willette,Pattesall,wpattesallhp@illinois.edu,Female,China
639,Joanna,Drinkeld,jdrinkeldhq@flickr.com,Female,Peru
640,Justina,Gawkes,jgawkeshr@cnet.com,Genderqueer,Armenia
641,Elberta,Rendall,erendallhs@google.co.jp,Genderqueer,Tunisia
642,Rania,Dongles,rdonglesht@jiathis.com,Male,East Timor
643,Ruby,Grimolbie,rgrimolbiehu@dell.com,Agender,Poland
644,Schuyler,Danels,sdanelshv@intel.com,Agender,Iran
645,Ethelyn,Dollard,edollardhw@indiegogo.com,Bigender,Indonesia
646,Roxanna,Birdwhistell,rbirdwhistellhx@hao123.com,Genderfluid,Liberia
647,Vonni,Flynn,vflynnhy@senate.gov,Polygender,Indonesia
648,Gunilla,Mussilli,gmussillihz@twitter.com,Genderfluid,Ireland
649,Milly,Cordeau],mcordeaui0@last.fm,Bigender,Russia
650,Delaney,Thoumasson,dthoumassoni1@free.fr,Genderfluid,Pakistan
651,Kiersten,Worms,kwormsi2@creativecommons.org,Agender,Tanzania
652,Weston,Ibotson,wibotsoni3@wp.com,Non-binary,Indonesia
653,Weidar,Gaytor,wgaytori4@yolasite.com,Agender,Russia
654,Yvor,Sadgrove,ysadgrovei5@topsy.com,Polygender,Tanzania
655,Michaelina,Fairfoot,mfairfooti6@jiathis.com,Genderqueer,Uganda
656,Ronalda,Galletley,rgalletleyi7@dell.com,Polygender,Czech Republic
657,Lea,Gimber,lgimberi8@freewebs.com,Bigender,Guatemala
658,Ev,Guage,eguagei9@cnn.com,Female,Indonesia
659,Fianna,Petofi,fpetofiia@independent.co.uk,Non-binary,Poland
660,Skyler,Aulsford,saulsfordib@lulu.com,Non-binary,China
661,Welch,Sumption,wsumptionic@biblegateway.com,Genderqueer,Sweden
662,Willi,Bowart,wbowartid@parallels.com,Bigender,China
663,Caro,Whaites,cwhaitesie@tiny.cc,Agender,Brazil
664,Woodman,Shmyr,wshmyrif@e-recht24.de,Genderfluid,Indonesia
665,Corene,Rouchy,crouchyig@sciencedirect.com,Female,Brazil
666,Margarita,Matejovsky,mmatejovskyih@techcrunch.com,Bigender,China
667,Rey,Doree,rdoreeii@pinterest.com,Female,Tunisia
668,Guglielmo,Kealy,gkealyij@sourceforge.net,Female,Myanmar
669,Theodora,Forryan,tforryanik@blogspot.com,Female,China
670,Stanleigh,Bough,sboughil@mapy.cz,Genderqueer,Portugal
671,Cosme,Degnen,cdegnenim@wikimedia.org,Bigender,Czech Republic
672,Hunfredo,Duckering,hduckeringin@weather.com,Non-binary,Finland
673,Staci,Willoway,swillowayio@oakley.com,Genderqueer,Peru
674,Gareth,Chaudrelle,gchaudrelleip@google.it,Bigender,Portugal
675,Justin,Djorevic,jdjoreviciq@squarespace.com,Bigender,Japan
676,Michail,Stave,mstaveir@i2i.jp,Non-binary,Democratic Republic of the Congo
677,Erena,Dorber,edorberis@example.com,Non-binary,Poland
678,Petronilla,Willshere,pwillshereit@statcounter.com,Genderfluid,Ethiopia
679,Elyse,Vecard,evecardiu@github.io,Genderqueer,Russia
680,Kass,Maginot,kmaginotiv@smh.com.au,Agender,United States
681,Reube,Berardt,rberardtiw@patch.com,Bigender,China
682,Piggy,Creebo,pcreeboix@nationalgeographic.com,Bigender,Uruguay
683,Maurise,Haugeh,mhaugehiy@google.pl,Bigender,Armenia
684,Dorelle,Matlock,dmatlockiz@eepurl.com,Genderqueer,Philippines
685,Dalton,Bowater,dbowaterj0@edublogs.org,Male,Marshall Islands
686,Nelle,Baszniak,nbaszniakj1@mapquest.com,Agender,Czech Republic
687,Zorine,Newburn,znewburnj2@unicef.org,Bigender,Brazil
688,Claudelle,Domone,cdomonej3@epa.gov,Agender,Russia
689,Fitz,Emberson,fembersonj4@etsy.com,Bigender,Norway
690,Karlen,Carrel,kcarrelj5@ustream.tv,Non-binary,Japan
691,Ulrike,Mullally,umullallyj6@icq.com,Non-binary,Poland
692,Betteann,Cochern,bcochernj7@harvard.edu,Polygender,Macedonia
693,Olia,Brocking,obrockingj8@cnet.com,Bigender,Marshall Islands
694,Em,Schenfisch,eschenfischj9@creativecommons.org,Male,China
695,Merwyn,Kalisch,mkalischja@gmpg.org,Male,Bangladesh
696,Nicole,Christophe,nchristophejb@google.com.au,Genderqueer,Iceland
697,Linnea,Lighterness,llighternessjc@feedburner.com,Male,Japan
698,Debra,Jowle,djowlejd@accuweather.com,Non-binary,Portugal
699,Budd,Mallett,bmallettje@technorati.com,Agender,China
700,Joelynn,Lothlorien,jlothlorienjf@howstuffworks.com,Genderfluid,Peru
701,Rand,Farahar,rfaraharjg@patch.com,Bigender,Japan
702,Thomasin,Campsall,tcampsalljh@edublogs.org,Agender,Argentina
703,Maggie,Worlock,mworlockji@technorati.com,Male,Indonesia
704,Myrna,Starte,mstartejj@businessweek.com,Bigender,Tajikistan
705,Arlena,Frankland,afranklandjk@newsvine.com,Polygender,Yemen
706,Anne,Sprosson,asprossonjl@4shared.com,Genderfluid,Russia
707,Allister,Smeed,asmeedjm@mayoclinic.com,Agender,Portugal
708,Dix,Bachshell,dbachshelljn@boston.com,Genderqueer,Kosovo
709,Rhett,Sandall,rsandalljo@hhs.gov,Genderfluid,Japan
710,Cora,Jewiss,cjewissjp@zdnet.com,Male,Tanzania
711,Correy,Snookes,csnookesjq@fda.gov,Bigender,Afghanistan
712,Eleonore,Drysdale,edrysdalejr@nature.com,Agender,Indonesia
713,Kristofer,Allsup,kallsupjs@businesswire.com,Bigender,Philippines
714,Wes,Dunston,wdunstonjt@themeforest.net,Bigender,China
715,Carmita,Furbank,cfurbankju@people.com.cn,Genderfluid,Indonesia
716,Lucila,Norker,lnorkerjv@jugem.jp,Non-binary,Indonesia
717,Valentine,Tremmil,vtremmiljw@meetup.com,Female,Swaziland
718,Glenda,Bonnin,gbonninjx@reuters.com,Female,Indonesia
719,Karalee,Bundock,kbundockjy@devhub.com,Genderfluid,Philippines
720,Denys,Fellnee,dfellneejz@smh.com.au,Male,France
721,Niles,Champkins,nchampkinsk0@patch.com,Genderqueer,Japan
722,Jessalin,Robichon,jrobichonk1@cyberchimps.com,Male,Brazil
723,Philomena,Margrie,pmargriek2@photobucket.com,Agender,Mexico
724,Val,Milmo,vmilmok3@unc.edu,Genderqueer,Syria
725,Rae,Moreton,rmoretonk4@furl.net,Agender,Philippines
726,Sondra,Thoms,sthomsk5@slashdot.org,Male,United States
727,Felicia,Durek,fdurekk6@cnn.com,Male,Tanzania
728,Franny,Dukes,fdukesk7@webeden.co.uk,Genderfluid,Sweden
729,Corina,Castillou,ccastillouk8@bing.com,Genderqueer,Mozambique
730,Elijah,Kornousek,ekornousekk9@bravesites.com,Polygender,Russia
731,Kippy,Andresen,kandresenka@github.com,Agender,Peru
732,Brynna,Billinge,bbillingekb@paginegialle.it,Non-binary,Philippines
733,Malia,Waterland,mwaterlandkc@clickbank.net,Genderqueer,United States
734,Sunny,Piller,spillerkd@ucsd.edu,Genderqueer,Netherlands
735,Briana,Kliner,bklinerke@dailymotion.com,Genderqueer,Bosnia and Herzegovina
736,Glynis,Hammel,ghammelkf@people.com.cn,Genderqueer,China
737,Paxon,Manz,pmanzkg@networkadvertising.org,Polygender,Colombia
738,Rebeca,Treagus,rtreaguskh@narod.ru,Male,Japan
739,Gunilla,Edmeades,gedmeadeski@paginegialle.it,Non-binary,Sweden
740,Lin,Gowthorpe,lgowthorpekj@examiner.com,Non-binary,Vietnam
741,Sal,Simonian,ssimoniankk@bing.com,Female,France
742,Clementius,Risby,crisbykl@google.pl,Genderfluid,France
743,Eduard,Culross,eculrosskm@ifeng.com,Female,Albania
744,Anna-diane,Mewhirter,amewhirterkn@joomla.org,Bigender,Indonesia
745,Joe,Bramhall,jbramhallko@behance.net,Female,Sweden
746,Sharleen,Olney,solneykp@infoseek.co.jp,Genderfluid,United States
747,Lari,Takle,ltaklekq@unblog.fr,Non-binary,Pakistan
748,Helenka,Fradson,hfradsonkr@archive.org,Genderfluid,China
749,Christophorus,Sappy,csappyks@noaa.gov,Genderfluid,Pakistan
750,Maison,Crossman,mcrossmankt@ft.com,Male,Yemen
751,Daune,McKaile,dmckaileku@who.int,Female,France
752,Catlee,Duffrie,cduffriekv@odnoklassniki.ru,Agender,Albania
753,Kalle,Geare,kgearekw@over-blog.com,Polygender,Russia
754,Haze,Marnes,hmarneskx@wordpress.org,Polygender,Brazil
755,Roberta,Glew,rglewky@omniture.com,Genderqueer,Philippines
756,Filia,Bravington,fbravingtonkz@quantcast.com,Polygender,Indonesia
757,Zedekiah,Beardmore,zbeardmorel0@aol.com,Bigender,Philippines
758,Ralf,Bellard,rbellardl1@rediff.com,Female,France
759,Itch,MacNockater,imacnockaterl2@miibeian.gov.cn,Polygender,Portugal
760,Natale,Van Geffen,nvangeffenl3@google.com.br,Non-binary,Myanmar
761,Darbie,Gilmour,dgilmourl4@histats.com,Female,Palestinian Territory
762,Wilmar,Farden,wfardenl5@smugmug.com,Genderfluid,Philippines
763,Alard,Hurndall,ahurndalll6@slashdot.org,Male,Benin
764,Deane,Isoldi,disoldil7@kickstarter.com,Bigender,Indonesia
765,Antonella,Ogdahl,aogdahll8@bandcamp.com,Agender,Indonesia
766,Paulie,Eckley,peckleyl9@epa.gov,Female,Russia
767,Lyndel,Feckey,lfeckeyla@cmu.edu,Genderqueer,Norway
768,Emili,Cowern,ecowernlb@europa.eu,Female,Japan
769,Christa,Windridge,cwindridgelc@over-blog.com,Polygender,France
770,Lorianna,Dowling,ldowlingld@adobe.com,Non-binary,Indonesia
771,Saraann,Rembrandt,srembrandtle@canalblog.com,Bigender,Indonesia
772,Geri,Stanistrete,gstanistretelf@pen.io,Polygender,Indonesia
773,Augustus,Chung,achunglg@mlb.com,Female,Thailand
774,Glori,Erskin,gerskinlh@liveinternet.ru,Female,Ukraine
775,Gusty,Grinvalds,ggrinvaldsli@photobucket.com,Agender,Brazil
776,Worth,Kingwell,wkingwelllj@oaic.gov.au,Genderqueer,Chad
777,Flory,Sheard,fsheardlk@cargocollective.com,Bigender,France
778,Leesa,Aldiss,laldissll@opensource.org,Non-binary,Czech Republic
779,Padget,Worsley,pworsleylm@virginia.edu,Non-binary,China
780,Bianca,Del Dello,bdeldelloln@usatoday.com,Genderfluid,Thailand
781,Roderick,Merriman,rmerrimanlo@arstechnica.com,Male,Ireland
782,Kelly,Chittey,kchitteylp@howstuffworks.com,Polygender,Philippines
783,Matthaeus,Eyckel,meyckellq@sfgate.com,Non-binary,Mexico
784,Adel,Sahnow,asahnowlr@photobucket.com,Bigender,China
785,Lela,Weatherhead,lweatherheadls@cocolog-nifty.com,Female,Japan
786,Alastair,Charer,acharerlt@last.fm,Genderqueer,Russia
787,Maureene,Bartrop,mbartroplu@google.pl,Non-binary,Nigeria
788,Sibelle,Keepe,skeepelv@de.vu,Agender,Indonesia
789,Trenton,Blain,tblainlw@soup.io,Polygender,France
790,Artemas,McTurley,amcturleylx@dailymotion.com,Non-binary,China
791,Raphaela,Whyke,rwhykely@google.cn,Non-binary,Philippines
792,Hamilton,Cornes,hcorneslz@ox.ac.uk,Male,Greece
793,Archie,Winkless,awinklessm0@bloglines.com,Genderqueer,Sweden
794,Marcos,Van Leijs,mvanleijsm1@goo.gl,Non-binary,Philippines
795,King,Carder,kcarderm2@gravatar.com,Non-binary,China
796,Elset,Ivancevic,eivancevicm3@ed.gov,Male,Philippines
797,Raymund,Cunningham,rcunninghamm4@geocities.com,Genderfluid,Australia
798,Shalna,Castelain,scastelainm5@angelfire.com,Non-binary,Indonesia
799,Roanna,Brumhead,rbrumheadm6@live.com,Agender,Japan
800,Della,Gillopp,dgilloppm7@ebay.co.uk,Non-binary,China
801,Sharlene,Dempster,sdempsterm8@admin.ch,Male,Peru
802,Charlotta,Schreiner,cschreinerm9@abc.net.au,Male,Mexico
803,Maxi,Spilling,mspillingma@prlog.org,Polygender,Venezuela
804,Eugine,Le Grand,elegrandmb@abc.net.au,Non-binary,Indonesia
805,Olly,Denniston,odennistonmc@wufoo.com,Non-binary,Poland
806,Libbey,Poyle,lpoylemd@webmd.com,Agender,Russia
807,Lorilee,Tocque,ltocqueme@noaa.gov,Polygender,France
808,Winni,Pettitt,wpettittmf@google.co.uk,Agender,France
809,Grazia,Grigore,ggrigoremg@purevolume.com,Non-binary,Brazil
810,Edvard,Karpychev,ekarpychevmh@facebook.com,Male,Venezuela
811,Gard,Forgie,gforgiemi@amazon.de,Genderqueer,China
812,Rutledge,Praton,rpratonmj@yandex.ru,Non-binary,Ukraine
813,Rubetta,Vitler,rvitlermk@360.cn,Bigender,Colombia
814,William,Timmens,wtimmensml@cornell.edu,Genderqueer,Philippines
815,Tallou,Brettell,tbrettellmm@amazon.co.jp,Bigender,Costa Rica
816,Henriette,Wootton,hwoottonmn@studiopress.com,Female,Philippines
817,Christyna,Georgi,cgeorgimo@deliciousdays.com,Non-binary,Cuba
818,Renaldo,D'Ugo,rdugomp@g.co,Polygender,China
819,Giorgi,McGeagh,gmcgeaghmq@moonfruit.com,Agender,China
820,Alexa,Kilbane,akilbanemr@jimdo.com,Genderqueer,Palestinian Territory
821,Willem,Pedroli,wpedrolims@soundcloud.com,Genderfluid,Germany
822,Paulie,Warde,pwardemt@nifty.com,Genderfluid,Russia
823,Cristabel,Burmaster,cburmastermu@bandcamp.com,Genderfluid,Brazil
824,Bobbette,Lorkins,blorkinsmv@is.gd,Female,Moldova
825,Harriett,Janout,hjanoutmw@google.fr,Genderqueer,Paraguay
826,Vicky,Killimister,vkillimistermx@auda.org.au,Bigender,Poland
827,Daryle,Treher,dtrehermy@engadget.com,Polygender,China
828,Augustine,Hartwright,ahartwrightmz@scribd.com,Non-binary,Portugal
829,Zebadiah,Walak,zwalakn0@xing.com,Genderqueer,Philippines
830,Lonnie,Kolyagin,lkolyaginn1@wikipedia.org,Male,Syria
831,Efren,Bwy,ebwyn2@si.edu,Genderfluid,Russia
832,Rici,Dumper,rdumpern3@xinhuanet.com,Non-binary,Thailand
833,Annabelle,Fishpoole,afishpoolen4@ted.com,Bigender,Thailand
834,Giordano,Ashborn,gashbornn5@addtoany.com,Non-binary,China
835,Kirby,Gibb,kgibbn6@msu.edu,Genderqueer,Morocco
836,Gabriella,Thoresby,gthoresbyn7@telegraph.co.uk,Agender,China
837,Berti,Brewers,bbrewersn8@shop-pro.jp,Bigender,Argentina
838,Giusto,Villiers,gvilliersn9@youtu.be,Female,China
839,Rufus,Gagie,rgagiena@skyrock.com,Bigender,Georgia
840,Stephan,Perotti,sperottinb@stumbleupon.com,Genderqueer,China
841,Liv,Gatus,lgatusnc@sun.com,Agender,Russia
842,Cal,Zannetti,czannettind@blinklist.com,Non-binary,Brazil
843,Clarey,Neale,cnealene@adobe.com,Male,Honduras
844,Tonie,Chaperling,tchaperlingnf@geocities.jp,Non-binary,Indonesia
845,Eulalie,Selkirk,eselkirkng@digg.com,Bigender,China
846,Melania,Easter,measternh@google.ca,Male,Ireland
847,Helenelizabeth,Swanborrow,hswanborrowni@netscape.com,Genderqueer,Czech Republic
848,Hewie,Stroyan,hstroyannj@facebook.com,Agender,China
849,Dolf,Kinsley,dkinsleynk@edublogs.org,Non-binary,Sweden
850,Mari,Goulborne,mgoulbornenl@dell.com,Genderqueer,Yemen
851,Helga,Bernardotte,hbernardottenm@xrea.com,Agender,Iceland
852,Edsel,Blazek,eblazeknn@blog.com,Polygender,Indonesia
853,Winfred,Maydway,wmaydwayno@forbes.com,Genderqueer,Philippines
854,Carmelia,Pinkerton,cpinkertonnp@myspace.com,Male,Martinique
855,Nico,Falck,nfalcknq@privacy.gov.au,Genderfluid,China
856,Persis,Arrell,parrellnr@ted.com,Bigender,Nepal
857,Angel,Bratt,abrattns@newyorker.com,Polygender,Indonesia
858,Lefty,Valentino,lvalentinont@ebay.com,Male,China
859,Deena,MacDowal,dmacdowalnu@nature.com,Polygender,China
860,Jessie,Drayn,jdraynnv@twitter.com,Agender,Colombia
861,Gery,Baddoe,gbaddoenw@wunderground.com,Genderqueer,China
862,Caril,McClinton,cmcclintonnx@upenn.edu,Female,Nigeria
863,Kendrick,Battany,kbattanyny@prweb.com,Female,China
864,Siobhan,Crosbie,scrosbienz@last.fm,Female,China
865,Meir,Aynsley,maynsleyo0@nasa.gov,Male,China
866,Gallard,Kield,gkieldo1@is.gd,Polygender,Indonesia
867,Patrica,Rohlfs,prohlfso2@home.pl,Genderfluid,Portugal
868,Gabriel,Stollberg,gstollbergo3@qq.com,Bigender,China
869,Urbanus,Linzey,ulinzeyo4@smugmug.com,Male,Sweden
870,Allie,Hebditch,ahebditcho5@skyrock.com,Polygender,Mongolia
871,Jennee,Hawksworth,jhawkswortho6@soundcloud.com,Bigender,Portugal
872,Berenice,Sillett,bsilletto7@vimeo.com,Non-binary,Dominican Republic
873,Pammi,McCaghan,pmccaghano8@istockphoto.com,Genderqueer,Armenia
874,Waylin,Ealden,wealdeno9@ucla.edu,Agender,Indonesia
875,Vanessa,Spaughton,vspaughtonoa@sciencedirect.com,Non-binary,Japan
876,Karmen,Greenrde,kgreenrdeob@wsj.com,Genderqueer,China
877,Emera,Syrett,esyrettoc@elpais.com,Non-binary,Argentina
878,Cameron,Espadate,cespadateod@shutterfly.com,Bigender,Chile
879,Merola,Edinburgh,medinburghoe@goo.ne.jp,Female,China
880,Riane,Linsey,rlinseyof@nhs.uk,Bigender,Palestinian Territory
881,Jamal,Reyburn,jreyburnog@mediafire.com,Non-binary,Saudi Arabia
882,Sullivan,Newing,snewingoh@bluehost.com,Agender,Brazil
883,Clerkclaude,Corradeschi,ccorradeschioi@slate.com,Bigender,Azerbaijan
884,Sal,Middle,smiddleoj@instagram.com,Genderfluid,China
885,Amelia,Simcox,asimcoxok@simplemachines.org,Male,Portugal
886,Rickert,Lytlle,rlytlleol@gravatar.com,Agender,Russia
887,Klaus,Aitken,kaitkenom@si.edu,Agender,Djibouti
888,Lark,Pattison,lpattisonon@forbes.com,Genderqueer,Bolivia
889,Emmey,Annatt,eannattoo@unesco.org,Genderqueer,China
890,Dennis,Kippin,dkippinop@blogs.com,Non-binary,Indonesia
891,Perla,Jobling,pjoblingoq@hhs.gov,Agender,Indonesia
892,Chaim,Jope,cjopeor@ameblo.jp,Male,Philippines
893,Sheilah,Lorente,slorenteos@com.com,Polygender,Portugal
894,Jill,Lawly,jlawlyot@wiley.com,Agender,Russia
895,Eustace,MacGoun,emacgounou@cisco.com,Male,China
896,Tiebold,Rape,trapeov@desdev.cn,Female,Brazil
897,Damien,Dadley,ddadleyow@cbc.ca,Non-binary,China
898,Norah,Marconi,nmarconiox@nymag.com,Female,China
899,Deeyn,Glazzard,dglazzardoy@cyberchimps.com,Female,China
900,Marsha,Size,msizeoz@wsj.com,Non-binary,China
901,Webster,Philipard,wphilipardp0@prnewswire.com,Polygender,Nigeria
902,Fred,Grigoroni,fgrigoronip1@ebay.com,Female,Indonesia
903,Bryce,Camin,bcaminp2@w3.org,Polygender,Senegal
904,Farleigh,Sawell,fsawellp3@mac.com,Female,Thailand
905,Merlina,Cadden,mcaddenp4@army.mil,Female,Indonesia
906,Mimi,Leopard,mleopardp5@independent.co.uk,Genderqueer,Latvia
907,Perle,Jewers,pjewersp6@netscape.com,Genderfluid,France
908,Kelley,Lepope,klepopep7@bloglines.com,Agender,China
909,Pauly,Syratt,psyrattp8@pagesperso-orange.fr,Non-binary,Belgium
910,Randolf,Wordley,rwordleyp9@plala.or.jp,Male,United States
911,Janot,Vasilchenko,jvasilchenkopa@gnu.org,Polygender,Sweden
912,Jean,Heazel,jheazelpb@redcross.org,Male,China
913,Chiquia,Stapleton,cstapletonpc@bluehost.com,Polygender,Nigeria
914,Cristian,Venner,cvennerpd@delicious.com,Polygender,Indonesia
915,Keelby,O'Scannill,koscannillpe@walmart.com,Genderqueer,Peru
916,Wash,Le Borgne,wleborgnepf@blogtalkradio.com,Polygender,Brazil
917,Trey,Tabbernor,ttabbernorpg@sitemeter.com,Non-binary,Finland
918,Tommy,Boyen,tboyenph@google.co.jp,Bigender,Colombia
919,Clair,Bouzan,cbouzanpi@taobao.com,Female,Afghanistan
920,Joseito,Ivashkin,jivashkinpj@yellowbook.com,Agender,Portugal
921,Suzy,Plail,splailpk@icq.com,Female,France
922,Babara,Kulicke,bkulickepl@so-net.ne.jp,Bigender,Sweden
923,Karolina,Spivey,kspiveypm@rakuten.co.jp,Male,Indonesia
924,Pascal,Lightbourn,plightbournpn@miitbeian.gov.cn,Female,Brazil
925,Juliet,Goodey,jgoodeypo@prnewswire.com,Male,Slovenia
926,Alf,Richemond,arichemondpp@berkeley.edu,Female,China
927,Clovis,Theuff,ctheuffpq@sbwire.com,Agender,Bosnia and Herzegovina
928,Bobbi,Feaviour,bfeaviourpr@huffingtonpost.com,Female,Poland
929,Sollie,Ferrey,sferreyps@mtv.com,Female,Pakistan
930,Teddy,Elmhirst,telmhirstpt@si.edu,Genderqueer,Mexico
931,Orton,Dyte,odytepu@amazon.co.uk,Agender,China
932,Schuyler,Jedrzej,sjedrzejpv@nhs.uk,Genderfluid,Serbia
933,Alyda,Tertre,atertrepw@ed.gov,Polygender,Philippines
934,Terra,Harwell,tharwellpx@usatoday.com,Genderfluid,Cameroon
935,Curran,Guillain,cguillainpy@123-reg.co.uk,Bigender,Kiribati
936,Randee,Manwell,rmanwellpz@chron.com,Agender,Indonesia
937,Dex,Murdie,dmurdieq0@woothemes.com,Genderqueer,China
938,Rikki,McKie,rmckieq1@sina.com.cn,Bigender,Mongolia
939,Aeriela,Dougher,adougherq2@altervista.org,Male,Tanzania
940,Sapphire,Grimme,sgrimmeq3@noaa.gov,Polygender,Ukraine
941,Herculie,Burburough,hburburoughq4@tripadvisor.com,Genderqueer,Bulgaria
942,Diane,Eannetta,deannettaq5@sbwire.com,Bigender,Portugal
943,Nataniel,Breinl,nbreinlq6@tumblr.com,Agender,Russia
944,Leilah,Canada,lcanadaq7@issuu.com,Bigender,Philippines
945,Daveta,Bussel,dbusselq8@unblog.fr,Non-binary,Indonesia
946,Moina,de Tocqueville,mdetocquevilleq9@alexa.com,Agender,China
947,Charmion,Olenichev,colenichevqa@blogs.com,Genderqueer,Sudan
948,Cornie,Kalkofer,ckalkoferqb@psu.edu,Bigender,Brazil
949,Bethanne,Knight,bknightqc@princeton.edu,Genderfluid,Indonesia
950,Shani,Radsdale,sradsdaleqd@pcworld.com,Genderfluid,Gambia
951,Eolande,Jessard,ejessardqe@yellowpages.com,Genderfluid,Gambia
952,Michell,Rickaert,mrickaertqf@fema.gov,Non-binary,Indonesia
953,Gaspard,Poundsford,gpoundsfordqg@forbes.com,Female,United States
954,Gertrud,Simmens,gsimmensqh@mashable.com,Genderqueer,China
955,William,Gaughan,wgaughanqi@mac.com,Male,Greece
956,Dione,Morfell,dmorfellqj@dot.gov,Female,Tanzania
957,Bordie,Gilbert,bgilbertqk@goo.ne.jp,Genderfluid,Poland
958,Pip,Landrean,plandreanql@youtu.be,Male,Argentina
959,Mirilla,Ianelli,mianelliqm@amazon.com,Polygender,Netherlands
960,Nadiya,Kaemena,nkaemenaqn@gizmodo.com,Male,Iran
961,Abby,Kulvear,akulvearqo@jigsy.com,Female,Colombia
962,Maxie,Blagbrough,mblagbroughqp@feedburner.com,Genderqueer,Sweden
963,Cirilo,Fancy,cfancyqq@jalbum.net,Male,Poland
964,Elia,Redfern,eredfernqr@oracle.com,Genderfluid,United States
965,Laurie,Husher,lhusherqs@columbia.edu,Female,Sweden
966,Rebecka,Garci,rgarciqt@yahoo.co.jp,Agender,Brazil
967,Virge,Dohmer,vdohmerqu@ucla.edu,Non-binary,China
968,Colby,Langsbury,clangsburyqv@rediff.com,Bigender,Philippines
969,Francesco,Mordanti,fmordantiqw@squidoo.com,Agender,Kosovo
970,Sayre,Eydel,seydelqx@usa.gov,Agender,South Africa
971,Othella,Sterzaker,osterzakerqy@ask.com,Non-binary,Russia
972,Ward,Pechell,wpechellqz@china.com.cn,Genderqueer,Poland
973,Dugald,Pifford,dpiffordr0@imageshack.us,Female,Poland
974,Sutherland,Harsnep,sharsnepr1@mapy.cz,Female,China
975,Emmaline,Bootland,ebootlandr2@example.com,Genderfluid,Brazil
976,Dahlia,Barton,dbartonr3@yellowbook.com,Non-binary,Colombia
977,Antone,Vequaud,avequaudr4@artisteer.com,Agender,China
978,Ninetta,Spinelli,nspinellir5@yellowpages.com,Genderqueer,Philippines
979,Dacey,Densell,ddensellr6@discovery.com,Agender,France
980,Kaylil,Robjohns,krobjohnsr7@arstechnica.com,Male,Sweden
981,Elita,Oakley,eoakleyr8@zimbio.com,Female,Slovenia
982,Lothario,Chaunce,lchauncer9@biglobe.ne.jp,Agender,France
983,Ketty,Grills,kgrillsra@google.pl,Polygender,United States
984,Humphrey,MacCleay,hmaccleayrb@seesaa.net,Genderqueer,Japan
985,Gates,Luety,gluetyrc@flickr.com,Genderqueer,Slovenia
986,Donall,Bramhill,dbramhillrd@icio.us,Bigender,Indonesia
987,Tilda,Fotitt,tfotittre@pbs.org,Bigender,Poland
988,Sean,Southerns,ssouthernsrf@wikia.com,Agender,French Polynesia
989,Dyanna,Cackett,dcackettrg@epa.gov,Genderfluid,Brazil
990,Edie,Lambourne,elambournerh@trellian.com,Bigender,Ukraine
991,Shirlee,Kiddey,skiddeyri@ow.ly,Bigender,Ukraine
992,Allister,Crickmer,acrickmerrj@yahoo.com,Non-binary,China
993,Dwight,Slipper,dslipperrk@si.edu,Polygender,China
994,Felix,Immins,fimminsrl@yellowpages.com,Male,China
995,Barnebas,Whitehair,bwhitehairrm@tinypic.com,Bigender,China
996,Billi,Chettle,bchettlern@fotki.com,Polygender,Sweden
997,Tedra,Byham,tbyhamro@biglobe.ne.jp,Genderfluid,China
998,Lorita,Meads,lmeadsrp@shutterfly.com,Polygender,China
999,Gabe,Suddock,gsuddockrq@irs.gov,Non-binary,Philippines
1000,Kenton,Ferguson,kfergusonrr@umn.edu,Polygender,France
